{"1": [[[7.3596929200545596, 15.946001326784879, 65.01062079381528], [8.58630840673032, 11.03953938008184, 42.931542033651596], [4.90646194670304, 3.6798464600272798, 18.399232300136397], [2.45323097335152, 0.0, 3.6798464600272798], [0.0, 1.22661548667576, 3.6798464600272798], [1.22661548667576, 0.0, 1.22661548667576], [0.0, 0.0, 0.0]], [[3.6798464600272798, 3.6798464600272798, 2.45323097335152], [2.45323097335152, 4.90646194670304, 7.3596929200545596], [0.0, 1.22661548667576, 7.3596929200545596], [0.0, 0.0, 2.45323097335152], [0.0, 0.0, 0.0], [0.0, 0.0, 2.45323097335152], [0.0, 0.0, 3.6798464600272798]], [[1.22661548667576, 4.90646194670304, 7.3596929200545596], [1.22661548667576, 4.90646194670304, 11.03953938008184], [1.22661548667576, 3.6798464600272798, 11.03953938008184], [4.90646194670304, 1.22661548667576, 4.90646194670304], [1.22661548667576, 1.22661548667576, 1.22661548667576], [1.22661548667576, 2.45323097335152, 1.22661548667576], [0.0, 0.0, 0.0]], [[1.22661548667576, 1.22661548667576, 4.90646194670304], [2.45323097335152, 1.22661548667576, 1.22661548667576], [1.22661548667576, 1.22661548667576, 3.6798464600272798], [0.0, 1.22661548667576, 4.90646194670304], [0.0, 1.22661548667576, 0.0], [0.0, 2.45323097335152, 2.45323097335152], [1.22661548667576, 0.0, 0.0]], [[0.0, 3.6798464600272798, 14.719385840109119], [0.0, 0.0, 11.03953938008184], [2.45323097335152, 4.90646194670304, 12.2661548667576], [1.22661548667576, 2.45323097335152, 7.3596929200545596], [1.22661548667576, 1.22661548667576, 4.90646194670304], [1.22661548667576, 1.22661548667576, 1.22661548667576], [1.22661548667576, 1.22661548667576, 6.1330774333788]]], "2+": [[[7.3596929200545596, 12.2661548667576, 51.51785044038192], [12.2661548667576, 13.49277035343336, 47.838003980354635], [6.1330774333788, 7.3596929200545596, 30.665387166894], [1.22661548667576, 2.45323097335152, 6.1330774333788], [1.22661548667576, 0.0, 6.1330774333788], [3.6798464600272798, 2.45323097335152, 4.90646194670304]], [[6.1330774333788, 9.81292389340608, 12.2661548667576], [6.1330774333788, 4.90646194670304, 15.946001326784879], [3.6798464600272798, 6.1330774333788, 15.946001326784879], [1.22661548667576, 1.22661548667576, 6.1330774333788], [0.0, 1.22661548667576, 3.6798464600272798], [1.22661548667576, 4.90646194670304, 4.90646194670304]], [[2.45323097335152, 1.22661548667576, 19.62584778681216], [3.6798464600272798, 4.90646194670304, 15.946001326784879], [0.0, 4.90646194670304, 12.2661548667576], [3.6798464600272798, 8.58630840673032, 3.6798464600272798], [0.0, 2.45323097335152, 7.3596929200545596], [6.1330774333788, 6.1330774333788, 11.03953938008184]], [[3.6798464600272798, 1.22661548667576, 7.3596929200545596], [2.45323097335152, 2.45323097335152, 4.90646194670304], [0.0, 1.22661548667576, 4.90646194670304], [2.45323097335152, 1.22661548667576, 7.3596929200545596], [0.0, 1.22661548667576, 6.1330774333788], [2.45323097335152, 4.90646194670304, 6.1330774333788]], [[1.22661548667576, 3.6798464600272798, 12.2661548667576], [3.6798464600272798, 6.1330774333788, 8.58630840673032], [3.6798464600272798, 7.3596929200545596, 22.07907876016368], [2.45323097335152, 1.22661548667576, 4.90646194670304], [2.45323097335152, 3.6798464600272798, 6.1330774333788], [2.45323097335152, 6.1330774333788, 22.07907876016368]]]}