{"1": [[[14.719385840109119, 7.3596929200545596, 63.784005307139516], [7.3596929200545596, 6.1330774333788, 49.0646194670304], [4.90646194670304, 3.6798464600272798, 22.07907876016368], [2.45323097335152, 3.6798464600272798, 6.1330774333788], [1.22661548667576, 1.22661548667576, 1.22661548667576], [0.0, 0.0, 3.6798464600272798], [0.0, 1.22661548667576, 0.0]], [[2.45323097335152, 2.45323097335152, 8.58630840673032], [4.90646194670304, 2.45323097335152, 12.2661548667576], [6.1330774333788, 2.45323097335152, 7.3596929200545596], [2.45323097335152, 0.0, 6.1330774333788], [0.0, 0.0, 2.45323097335152], [1.22661548667576, 0.0, 0.0], [1.22661548667576, 0.0, 0.0]], [[2.45323097335152, 6.1330774333788, 12.2661548667576], [4.90646194670304, 6.1330774333788, 15.946001326784879], [4.90646194670304, 3.6798464600272798, 7.3596929200545596], [0.0, 8.58630840673032, 8.58630840673032], [0.0, 2.45323097335152, 3.6798464600272798], [1.22661548667576, 1.22661548667576, 2.45323097335152], [0.0, 0.0, 1.22661548667576]], [[1.22661548667576, 2.45323097335152, 8.58630840673032], [0.0, 1.22661548667576, 0.0], [3.6798464600272798, 3.6798464600272798, 7.3596929200545596], [3.6798464600272798, 0.0, 4.90646194670304], [0.0, 0.0, 2.45323097335152], [4.90646194670304, 2.45323097335152, 1.22661548667576], [0.0, 1.22661548667576, 0.0]], [[0.0, 3.6798464600272798, 11.03953938008184], [2.45323097335152, 6.1330774333788, 12.2661548667576], [3.6798464600272798, 2.45323097335152, 17.17261681346064], [6.1330774333788, 4.90646194670304, 9.81292389340608], [1.22661548667576, 0.0, 6.1330774333788], [0.0, 1.22661548667576, 3.6798464600272798], [2.45323097335152, 2.45323097335152, 3.6798464600272798]]], "2+": [[[12.2661548667576, 26.98554070686672, 89.54293052733047], [12.2661548667576, 12.2661548667576, 63.784005307139516], [12.2661548667576, 8.58630840673032, 18.399232300136397], [3.6798464600272798, 3.6798464600272798, 15.946001326784879], [0.0, 4.90646194670304, 6.1330774333788], [1.22661548667576, 2.45323097335152, 7.3596929200545596]], [[6.1330774333788, 9.81292389340608, 29.438771680218238], [3.6798464600272798, 7.3596929200545596, 22.07907876016368], [4.90646194670304, 2.45323097335152, 23.305694246839437], [0.0, 3.6798464600272798, 9.81292389340608], [1.22661548667576, 3.6798464600272798, 8.58630840673032], [1.22661548667576, 1.22661548667576, 9.81292389340608]], [[6.1330774333788, 4.90646194670304, 20.85246327348792], [3.6798464600272798, 6.1330774333788, 23.305694246839437], [6.1330774333788, 7.3596929200545596, 14.719385840109119], [1.22661548667576, 4.90646194670304, 9.81292389340608], [3.6798464600272798, 2.45323097335152, 7.3596929200545596], [2.45323097335152, 8.58630840673032, 13.49277035343336]], [[1.22661548667576, 0.0, 8.58630840673032], [1.22661548667576, 4.90646194670304, 11.03953938008184], [2.45323097335152, 2.45323097335152, 12.2661548667576], [1.22661548667576, 2.45323097335152, 9.81292389340608], [1.22661548667576, 0.0, 3.6798464600272798], [4.90646194670304, 3.6798464600272798, 6.1330774333788]], [[4.90646194670304, 4.90646194670304, 11.03953938008184], [3.6798464600272798, 3.6798464600272798, 19.62584778681216], [3.6798464600272798, 13.49277035343336, 15.946001326784879], [2.45323097335152, 6.1330774333788, 12.2661548667576], [1.22661548667576, 7.3596929200545596, 9.81292389340608], [6.1330774333788, 12.2661548667576, 24.5323097335152]]]}