{"1": [[[5.9579375400000005, 4.665854700000001, 7.034673240000001], [3.0866423400000005, 2.94307758, 4.809419460000001], [1.6509947400000002, 1.2920828400000002, 1.6509947400000002], [0.35891190000000006, 0.50247666, 0.8613885600000001], [0.21534714000000002, 0.28712952, 0.14356476], [0.14356476, 0.07178238, 0.0], [0.21534714000000002, 0.0, 0.0]], [[1.2920828400000002, 1.6509947400000002, 1.4356476000000002], [0.35891190000000006, 1.14851808, 2.00990664], [0.7178238000000001, 0.43069428000000004, 0.50247666], [0.57425904, 0.14356476, 0.07178238], [0.35891190000000006, 0.0, 0.0], [0.35891190000000006, 0.14356476, 0.21534714000000002], [0.21534714000000002, 0.07178238, 0.0]], [[1.57921236, 0.8613885600000001, 2.00990664], [1.5074299800000002, 0.78960618, 1.6509947400000002], [0.78960618, 0.50247666, 1.00495332], [0.28712952, 0.28712952, 0.9331709400000001], [0.28712952, 0.28712952, 0.28712952], [0.14356476, 0.21534714000000002, 0.21534714000000002], [0.21534714000000002, 0.07178238, 0.0]], [[0.50247666, 0.35891190000000006, 0.9331709400000001], [0.43069428000000004, 0.78960618, 0.43069428000000004], [0.35891190000000006, 0.28712952, 0.7178238000000001], [0.28712952, 0.21534714000000002, 0.35891190000000006], [0.14356476, 0.28712952, 0.28712952], [0.21534714000000002, 0.43069428000000004, 0.0], [0.14356476, 0.0, 0.0]], [[1.7945595, 1.22030046, 1.8663418800000002], [1.57921236, 1.0767357000000002, 2.5123833], [1.8663418800000002, 1.36386522, 1.36386522], [1.2920828400000002, 0.57425904, 0.35891190000000006], [0.50247666, 0.8613885600000001, 0.57425904], [1.2920828400000002, 0.6460414200000001, 0.43069428000000004], [0.7178238000000001, 0.6460414200000001, 0.57425904]]], "2+": [[[6.029719920000001, 6.67576134, 9.331709400000001], [6.24506706, 5.88615516, 6.101502300000001], [3.0866423400000005, 2.72773044, 3.8762485200000003], [1.9381242600000002, 1.8663418800000002, 1.36386522], [0.9331709400000001, 1.22030046, 0.57425904], [1.36386522, 0.6460414200000001, 0.50247666]], [[2.3688185400000004, 2.00990664, 3.37377186], [2.5841656800000004, 2.1534714000000004, 2.65594806], [1.7945595, 2.22525378, 2.22525378], [1.22030046, 1.36386522, 0.7178238000000001], [0.9331709400000001, 0.21534714000000002, 0.21534714000000002], [1.5074299800000002, 1.00495332, 0.8613885600000001]], [[2.0816890200000002, 1.36386522, 2.65594806], [2.72773044, 3.0148599600000003, 2.3688185400000004], [2.29703616, 2.44060092, 2.00990664], [2.3688185400000004, 1.7945595, 1.5074299800000002], [1.00495332, 0.9331709400000001, 0.7178238000000001], [2.22525378, 1.14851808, 1.5074299800000002]], [[0.43069428000000004, 1.22030046, 1.0767357000000002], [1.4356476000000002, 1.0767357000000002, 1.6509947400000002], [1.0767357000000002, 1.00495332, 1.5074299800000002], [0.7178238000000001, 0.57425904, 1.00495332], [0.28712952, 0.14356476, 0.28712952], [1.14851808, 0.78960618, 0.9331709400000001]], [[1.5074299800000002, 1.9381242600000002, 2.29703616], [2.29703616, 2.5123833, 2.5841656800000004], [2.72773044, 1.7945595, 1.6509947400000002], [1.6509947400000002, 1.4356476000000002, 2.0816890200000002], [1.9381242600000002, 1.8663418800000002, 0.8613885600000001], [4.306942800000001, 1.8663418800000002, 2.8712952000000005]]]}