{"1": [[[35.063445, 46.576814999999996, 80.070255], [25.643415, 22.503405, 43.436805], [8.896695, 8.896695, 12.036705], [2.616675, 2.09334, 1.04667], [0.0, 1.04667, 0.523335], [1.570005, 0.523335, 0.0], [0.523335, 0.523335, 0.523335]], [[0.523335, 1.570005, 2.09334], [1.570005, 2.616675, 1.570005], [1.04667, 0.0, 2.09334], [0.523335, 0.0, 0.523335], [0.523335, 1.570005, 0.523335], [0.523335, 0.0, 0.523335], [0.523335, 1.570005, 0.523335]], [[3.663345, 1.570005, 3.14001], [2.09334, 2.616675, 2.09334], [1.04667, 1.04667, 3.14001], [1.04667, 1.04667, 0.523335], [0.523335, 0.0, 0.523335], [0.523335, 0.523335, 1.04667], [1.570005, 3.14001, 0.523335]], [[0.523335, 0.0, 1.04667], [0.0, 1.04667, 1.570005], [0.0, 1.04667, 0.523335], [1.04667, 1.570005, 0.523335], [0.523335, 0.523335, 0.523335], [1.04667, 0.523335, 0.0], [2.09334, 1.04667, 1.570005]], [[1.570005, 5.23335, 5.23335], [2.616675, 3.663345, 5.23335], [1.570005, 1.570005, 5.756685], [1.04667, 3.14001, 3.14001], [1.570005, 2.09334, 4.710015], [2.616675, 5.756685, 2.09334], [6.28002, 7.32669, 7.850025]]], "2+": [[[7.32669, 9.943365, 15.176715], [3.663345, 5.756685, 8.896695], [1.04667, 2.09334, 2.616675], [0.0, 0.0, 1.04667], [0.523335, 0.0, 0.523335], [1.570005, 5.23335, 1.04667]], [[1.570005, 2.09334, 3.14001], [0.523335, 1.570005, 1.570005], [2.09334, 1.04667, 3.14001], [0.523335, 2.616675, 1.04667], [0.0, 0.0, 1.570005], [0.523335, 2.09334, 2.616675]], [[1.04667, 2.09334, 2.616675], [1.04667, 6.28002, 4.710015], [0.523335, 3.14001, 3.14001], [2.09334, 0.0, 2.09334], [1.570005, 2.616675, 1.570005], [5.756685, 5.23335, 4.18668]], [[1.570005, 0.0, 2.09334], [1.04667, 1.04667, 2.09334], [0.0, 0.523335, 3.663345], [1.570005, 0.0, 0.523335], [0.523335, 1.04667, 1.04667], [3.14001, 2.09334, 4.710015]], [[1.04667, 2.09334, 4.710015], [3.14001, 2.09334, 5.23335], [3.14001, 6.28002, 2.616675], [2.09334, 3.663345, 3.14001], [1.570005, 4.18668, 2.616675], [20.410065, 17.270055, 16.74672]]]}