{"1": [[[12.21192676091728, 18.31789014137592, 76.93513859377886], [12.21192676091728, 10.990734084825553, 56.17486310021949], [1.221192676091728, 1.221192676091728, 17.09669746528419], [1.221192676091728, 0.0, 3.663578028275184], [0.0, 0.0, 4.884770704366912], [0.0, 1.221192676091728, 0.0], [0.0, 0.0, 0.0]], [[0.0, 0.0, 4.884770704366912], [1.221192676091728, 0.0, 7.327156056550368], [0.0, 0.0, 2.442385352183456], [0.0, 0.0, 1.221192676091728], [0.0, 0.0, 1.221192676091728], [0.0, 0.0, 1.221192676091728], [0.0, 0.0, 1.221192676091728]], [[0.0, 0.0, 1.221192676091728], [1.221192676091728, 0.0, 7.327156056550368], [2.442385352183456, 1.221192676091728, 4.884770704366912], [0.0, 3.663578028275184, 2.442385352183456], [0.0, 1.221192676091728, 0.0], [1.221192676091728, 1.221192676091728, 4.884770704366912], [2.442385352183456, 1.221192676091728, 4.884770704366912]], [[0.0, 0.0, 0.0], [0.0, 2.442385352183456, 1.221192676091728], [0.0, 0.0, 6.10596338045864], [1.221192676091728, 0.0, 3.663578028275184], [0.0, 0.0, 0.0], [0.0, 2.442385352183456, 1.221192676091728], [0.0, 0.0, 3.663578028275184]], [[0.0, 1.221192676091728, 1.221192676091728], [0.0, 2.442385352183456, 10.990734084825553], [1.221192676091728, 2.442385352183456, 8.548348732642095], [2.442385352183456, 0.0, 1.221192676091728], [1.221192676091728, 0.0, 7.327156056550368], [1.221192676091728, 4.884770704366912, 6.10596338045864], [3.663578028275184, 6.10596338045864, 12.21192676091728]]], "2+": [[[0.0, 3.663578028275184, 25.645046197926288], [1.221192676091728, 6.10596338045864, 15.875504789192464], [0.0, 4.884770704366912, 6.10596338045864], [2.442385352183456, 0.0, 2.442385352183456], [0.0, 0.0, 2.442385352183456], [1.221192676091728, 2.442385352183456, 2.442385352183456]], [[0.0, 0.0, 4.884770704366912], [0.0, 0.0, 2.442385352183456], [1.221192676091728, 0.0, 2.442385352183456], [0.0, 3.663578028275184, 1.221192676091728], [1.221192676091728, 0.0, 0.0], [0.0, 2.442385352183456, 2.442385352183456]], [[1.221192676091728, 3.663578028275184, 1.221192676091728], [1.221192676091728, 1.221192676091728, 8.548348732642095], [0.0, 0.0, 4.884770704366912], [2.442385352183456, 1.221192676091728, 1.221192676091728], [1.221192676091728, 1.221192676091728, 1.221192676091728], [1.221192676091728, 3.663578028275184, 3.663578028275184]], [[0.0, 1.221192676091728, 1.221192676091728], [0.0, 0.0, 2.442385352183456], [0.0, 0.0, 2.442385352183456], [0.0, 0.0, 1.221192676091728], [0.0, 0.0, 1.221192676091728], [2.442385352183456, 0.0, 2.442385352183456]], [[2.442385352183456, 1.221192676091728, 4.884770704366912], [2.442385352183456, 0.0, 1.221192676091728], [2.442385352183456, 1.221192676091728, 7.327156056550368], [0.0, 1.221192676091728, 2.442385352183456], [1.221192676091728, 1.221192676091728, 3.663578028275184], [8.548348732642095, 6.10596338045864, 20.760275493559377]]]}