{"1": [[[23.550075, 36.110115, 56.520179999999996], [16.223385, 23.02674, 36.110115], [7.32669, 4.710015, 9.943365], [0.0, 2.616675, 3.14001], [0.523335, 1.04667, 0.0], [0.0, 1.04667, 0.523335], [0.0, 0.523335, 0.523335]], [[0.0, 2.09334, 2.09334], [2.09334, 0.523335, 2.09334], [0.523335, 1.04667, 1.04667], [0.0, 1.04667, 0.0], [0.523335, 1.04667, 1.04667], [0.0, 0.0, 0.0], [0.523335, 0.0, 0.523335]], [[0.523335, 0.523335, 0.523335], [1.04667, 1.570005, 3.14001], [1.04667, 1.04667, 1.570005], [0.0, 0.523335, 0.0], [3.14001, 1.04667, 1.04667], [0.0, 1.04667, 0.523335], [1.570005, 0.523335, 1.570005]], [[1.570005, 0.523335, 1.04667], [0.0, 1.04667, 1.04667], [0.0, 0.523335, 1.04667], [0.0, 0.0, 0.523335], [0.0, 0.523335, 0.0], [0.523335, 1.04667, 0.523335], [1.04667, 1.570005, 0.0]], [[0.523335, 0.523335, 5.756685], [2.616675, 3.663345, 5.23335], [0.523335, 1.04667, 2.616675], [2.09334, 5.23335, 1.04667], [4.18668, 2.09334, 2.09334], [2.09334, 5.23335, 3.663345], [6.28002, 4.710015, 8.896695]]], "2+": [[[7.850025, 9.943365, 13.083375], [2.616675, 6.803355, 5.756685], [1.570005, 1.570005, 2.09334], [2.09334, 2.09334, 3.14001], [0.0, 0.0, 0.0], [1.570005, 2.616675, 1.04667]], [[0.523335, 1.04667, 2.616675], [1.570005, 2.09334, 1.570005], [0.0, 0.523335, 3.14001], [0.523335, 1.570005, 0.0], [0.0, 0.0, 0.523335], [2.09334, 0.523335, 3.663345]], [[0.0, 0.523335, 2.09334], [0.523335, 3.14001, 1.570005], [1.570005, 2.09334, 2.09334], [2.09334, 0.523335, 1.04667], [1.04667, 0.523335, 1.570005], [3.663345, 5.23335, 4.18668]], [[0.523335, 0.0, 1.04667], [0.523335, 0.523335, 1.04667], [1.04667, 1.04667, 2.09334], [1.570005, 1.04667, 0.523335], [0.0, 0.0, 0.0], [4.710015, 5.23335, 1.04667]], [[1.04667, 2.09334, 2.616675], [1.570005, 1.04667, 2.616675], [1.570005, 2.616675, 3.14001], [2.09334, 1.570005, 2.616675], [3.14001, 2.616675, 2.09334], [15.176715, 15.176715, 16.223385]]]}