{"1": [[[7.66048738, 3.7944470200000002, 11.02537436], [3.72285368, 2.9353269400000004, 7.159334], [1.21708678, 0.5011533800000001, 1.6466468200000002], [0.5011533800000001, 0.14318668, 0.64434006], [0.21478002000000002, 0.21478002000000002, 0.14318668], [0.42956004000000003, 0.64434006, 0.0], [0.28637336, 0.3579667, 0.07159334]], [[0.3579667, 0.21478002000000002, 0.7159334], [1.0023067600000002, 0.42956004000000003, 0.7875267400000001], [0.42956004000000003, 0.28637336, 0.21478002000000002], [0.3579667, 0.14318668, 0.3579667], [0.28637336, 0.07159334, 0.07159334], [0.07159334, 0.14318668, 0.21478002000000002], [0.3579667, 0.14318668, 0.0]], [[0.64434006, 0.57274672, 0.93071342], [1.14549344, 0.3579667, 1.0739001000000001], [1.0739001000000001, 0.07159334, 0.7875267400000001], [0.7159334, 0.28637336, 0.3579667], [0.28637336, 0.42956004000000003, 0.28637336], [0.3579667, 0.3579667, 0.21478002000000002], [0.7159334, 0.07159334, 0.07159334]], [[0.3579667, 0.21478002000000002, 0.5011533800000001], [0.64434006, 0.28637336, 0.42956004000000003], [0.64434006, 0.5011533800000001, 0.14318668], [0.21478002000000002, 0.07159334, 0.14318668], [0.42956004000000003, 0.0, 0.07159334], [0.28637336, 0.28637336, 0.14318668], [0.64434006, 0.21478002000000002, 0.14318668]], [[1.0023067600000002, 1.0739001000000001, 1.3602734600000002], [1.3602734600000002, 0.64434006, 1.7898335], [1.50346014, 0.93071342, 2.3625802200000003], [1.28868012, 1.28868012, 0.7159334], [1.0739001000000001, 0.7159334, 0.64434006], [1.9330201800000002, 1.3602734600000002, 1.3602734600000002], [3.72285368, 1.6466468200000002, 0.93071342]]], "2+": [[[3.579667, 3.1501069600000005, 5.9422472200000005], [2.79214026, 2.0046135200000004, 4.36719374], [1.9330201800000002, 0.7159334, 1.5750534800000002], [1.14549344, 0.5011533800000001, 0.42956004000000003], [0.64434006, 0.3579667, 0.28637336], [1.14549344, 0.7875267400000001, 0.3579667]], [[1.3602734600000002, 1.0023067600000002, 1.7898335], [0.8591200800000001, 1.21708678, 1.4318668], [0.93071342, 0.42956004000000003, 0.7875267400000001], [0.93071342, 0.64434006, 0.42956004000000003], [0.64434006, 0.28637336, 0.28637336], [1.6466468200000002, 0.7159334, 0.57274672]], [[1.14549344, 1.21708678, 1.3602734600000002], [1.3602734600000002, 1.4318668, 2.0046135200000004], [1.0739001000000001, 0.5011533800000001, 0.57274672], [0.7875267400000001, 0.7875267400000001, 1.0739001000000001], [0.7159334, 0.28637336, 0.5011533800000001], [3.2217003, 1.6466468200000002, 0.7159334]], [[0.57274672, 0.57274672, 1.0023067600000002], [0.28637336, 0.57274672, 1.0023067600000002], [0.93071342, 0.5011533800000001, 0.93071342], [0.57274672, 0.3579667, 0.5011533800000001], [0.28637336, 0.42956004000000003, 0.28637336], [2.29098688, 1.6466468200000002, 0.42956004000000003]], [[0.8591200800000001, 0.57274672, 1.50346014], [1.86142684, 1.4318668, 2.1478002000000003], [1.0739001000000001, 1.0739001000000001, 1.6466468200000002], [1.4318668, 1.21708678, 2.07620686], [2.0046135200000004, 1.14549344, 1.28868012], [9.092354180000001, 3.8660403600000004, 2.9353269400000004]]]}