{"1": [[[5.870653880000001, 3.36488698, 9.3071342], [3.0785136200000003, 2.21939354, 5.15472048], [1.0739001000000001, 0.64434006, 1.50346014], [0.3579667, 0.07159334, 0.3579667], [0.28637336, 0.42956004000000003, 0.28637336], [0.42956004000000003, 0.28637336, 0.0], [0.28637336, 0.14318668, 0.07159334]], [[0.5011533800000001, 0.42956004000000003, 0.42956004000000003], [0.7159334, 0.28637336, 0.7159334], [0.42956004000000003, 0.21478002000000002, 0.42956004000000003], [0.3579667, 0.28637336, 0.21478002000000002], [0.07159334, 0.14318668, 0.21478002000000002], [0.21478002000000002, 0.0, 0.0], [0.3579667, 0.21478002000000002, 0.0]], [[0.28637336, 0.3579667, 0.42956004000000003], [0.8591200800000001, 0.57274672, 1.0023067600000002], [0.7875267400000001, 0.3579667, 0.57274672], [0.5011533800000001, 0.28637336, 0.21478002000000002], [0.64434006, 0.21478002000000002, 0.21478002000000002], [0.5011533800000001, 0.21478002000000002, 0.14318668], [0.57274672, 0.28637336, 0.07159334]], [[0.14318668, 0.28637336, 0.21478002000000002], [0.42956004000000003, 0.28637336, 0.5011533800000001], [0.14318668, 0.3579667, 0.28637336], [0.21478002000000002, 0.21478002000000002, 0.21478002000000002], [0.28637336, 0.14318668, 0.0], [0.3579667, 0.14318668, 0.28637336], [0.14318668, 0.14318668, 0.07159334]], [[1.0739001000000001, 0.57274672, 1.50346014], [0.8591200800000001, 1.0023067600000002, 1.4318668], [1.3602734600000002, 1.0023067600000002, 1.50346014], [1.21708678, 0.57274672, 1.21708678], [1.14549344, 0.7875267400000001, 0.64434006], [1.5750534800000002, 0.7159334, 0.7875267400000001], [2.1478002000000003, 2.0046135200000004, 1.0023067600000002]]], "2+": [[[2.79214026, 3.579667, 5.08312714], [2.64895358, 1.6466468200000002, 3.579667], [1.3602734600000002, 0.7875267400000001, 1.5750534800000002], [1.0023067600000002, 0.57274672, 0.7159334], [0.57274672, 0.42956004000000003, 0.07159334], [1.50346014, 0.64434006, 0.28637336]], [[0.8591200800000001, 0.64434006, 1.14549344], [0.8591200800000001, 0.8591200800000001, 0.7875267400000001], [0.7159334, 0.5011533800000001, 1.14549344], [0.93071342, 0.5011533800000001, 0.5011533800000001], [0.57274672, 0.14318668, 0.07159334], [0.64434006, 0.7159334, 0.5011533800000001]], [[1.0739001000000001, 0.57274672, 1.50346014], [1.4318668, 0.57274672, 1.4318668], [0.7159334, 0.93071342, 1.0023067600000002], [0.64434006, 0.57274672, 0.8591200800000001], [0.42956004000000003, 0.7875267400000001, 0.07159334], [2.29098688, 1.4318668, 0.93071342]], [[0.3579667, 0.7159334, 0.8591200800000001], [0.64434006, 0.5011533800000001, 0.7875267400000001], [0.57274672, 0.5011533800000001, 0.93071342], [0.42956004000000003, 0.3579667, 0.5011533800000001], [0.5011533800000001, 0.3579667, 0.07159334], [2.1478002000000003, 1.7898335, 0.21478002000000002]], [[0.7159334, 0.14318668, 1.14549344], [1.4318668, 1.4318668, 1.4318668], [1.3602734600000002, 1.0023067600000002, 1.50346014], [0.8591200800000001, 0.5011533800000001, 1.14549344], [1.21708678, 0.5011533800000001, 1.28868012], [9.37872754, 2.9353269400000004, 2.5057669000000002]]]}