{"1": [[[24.42385352183456, 20.760275493559377, 101.35899211561342], [18.31789014137592, 10.990734084825553, 61.0596338045864], [4.884770704366912, 9.769541408733824, 14.654312113100737], [0.0, 1.221192676091728, 3.663578028275184], [0.0, 0.0, 2.442385352183456], [1.221192676091728, 0.0, 2.442385352183456], [0.0, 0.0, 1.221192676091728]], [[1.221192676091728, 0.0, 2.442385352183456], [1.221192676091728, 2.442385352183456, 3.663578028275184], [0.0, 0.0, 3.663578028275184], [0.0, 0.0, 4.884770704366912], [0.0, 0.0, 1.221192676091728], [0.0, 2.442385352183456, 0.0], [1.221192676091728, 1.221192676091728, 2.442385352183456]], [[0.0, 4.884770704366912, 1.221192676091728], [4.884770704366912, 1.221192676091728, 4.884770704366912], [3.663578028275184, 2.442385352183456, 6.10596338045864], [1.221192676091728, 1.221192676091728, 4.884770704366912], [1.221192676091728, 1.221192676091728, 3.663578028275184], [1.221192676091728, 0.0, 1.221192676091728], [1.221192676091728, 3.663578028275184, 3.663578028275184]], [[0.0, 1.221192676091728, 1.221192676091728], [0.0, 0.0, 1.221192676091728], [2.442385352183456, 0.0, 6.10596338045864], [0.0, 0.0, 1.221192676091728], [0.0, 0.0, 3.663578028275184], [0.0, 1.221192676091728, 1.221192676091728], [0.0, 0.0, 2.442385352183456]], [[0.0, 1.221192676091728, 4.884770704366912], [1.221192676091728, 0.0, 7.327156056550368], [0.0, 1.221192676091728, 4.884770704366912], [3.663578028275184, 1.221192676091728, 9.769541408733824], [0.0, 1.221192676091728, 10.990734084825553], [4.884770704366912, 7.327156056550368, 17.09669746528419], [4.884770704366912, 8.548348732642095, 10.990734084825553]]], "2+": [[[4.884770704366912, 6.10596338045864, 35.41458760666011], [0.0, 4.884770704366912, 24.42385352183456], [0.0, 1.221192676091728, 6.10596338045864], [1.221192676091728, 2.442385352183456, 6.10596338045864], [1.221192676091728, 1.221192676091728, 1.221192676091728], [1.221192676091728, 1.221192676091728, 1.221192676091728]], [[2.442385352183456, 0.0, 2.442385352183456], [2.442385352183456, 1.221192676091728, 3.663578028275184], [0.0, 1.221192676091728, 7.327156056550368], [0.0, 1.221192676091728, 1.221192676091728], [1.221192676091728, 0.0, 2.442385352183456], [0.0, 1.221192676091728, 7.327156056550368]], [[0.0, 0.0, 2.442385352183456], [1.221192676091728, 1.221192676091728, 6.10596338045864], [2.442385352183456, 2.442385352183456, 3.663578028275184], [1.221192676091728, 2.442385352183456, 1.221192676091728], [0.0, 1.221192676091728, 0.0], [1.221192676091728, 2.442385352183456, 8.548348732642095]], [[2.442385352183456, 0.0, 0.0], [1.221192676091728, 0.0, 1.221192676091728], [0.0, 0.0, 2.442385352183456], [0.0, 0.0, 3.663578028275184], [0.0, 0.0, 0.0], [4.884770704366912, 3.663578028275184, 3.663578028275184]], [[1.221192676091728, 1.221192676091728, 7.327156056550368], [1.221192676091728, 1.221192676091728, 6.10596338045864], [4.884770704366912, 0.0, 8.548348732642095], [0.0, 2.442385352183456, 8.548348732642095], [1.221192676091728, 1.221192676091728, 4.884770704366912], [4.884770704366912, 7.327156056550368, 17.09669746528419]]]}