{"1": [[[3.9480309000000005, 3.7326837600000005, 6.460414200000001], [2.7995128200000003, 3.2302071000000003, 3.2302071000000003], [0.7178238000000001, 1.14851808, 1.2920828400000002], [0.35891190000000006, 0.50247666, 0.50247666], [0.14356476, 0.21534714000000002, 0.14356476], [0.35891190000000006, 0.28712952, 0.14356476], [0.14356476, 0.0, 0.0]], [[0.8613885600000001, 0.78960618, 0.9331709400000001], [0.57425904, 0.57425904, 0.6460414200000001], [1.00495332, 0.35891190000000006, 0.28712952], [0.35891190000000006, 0.21534714000000002, 0.14356476], [0.28712952, 0.14356476, 0.14356476], [0.07178238, 0.14356476, 0.07178238], [0.21534714000000002, 0.0, 0.0]], [[0.78960618, 1.36386522, 1.22030046], [0.8613885600000001, 0.57425904, 1.22030046], [0.57425904, 0.9331709400000001, 0.9331709400000001], [0.35891190000000006, 0.28712952, 0.6460414200000001], [0.21534714000000002, 0.07178238, 0.14356476], [0.21534714000000002, 0.21534714000000002, 0.14356476], [0.07178238, 0.0, 0.0]], [[0.57425904, 0.35891190000000006, 0.21534714000000002], [0.35891190000000006, 0.35891190000000006, 0.35891190000000006], [0.6460414200000001, 0.28712952, 0.35891190000000006], [0.28712952, 0.07178238, 0.57425904], [0.21534714000000002, 0.07178238, 0.07178238], [0.14356476, 0.21534714000000002, 0.21534714000000002], [0.21534714000000002, 0.07178238, 0.0]], [[1.4356476000000002, 1.00495332, 1.9381242600000002], [1.2920828400000002, 1.00495332, 1.7945595], [1.14851808, 1.14851808, 1.7227771200000002], [0.8613885600000001, 0.57425904, 1.5074299800000002], [0.50247666, 0.14356476, 0.21534714000000002], [0.8613885600000001, 0.9331709400000001, 0.50247666], [0.8613885600000001, 0.43069428000000004, 0.35891190000000006]]], "2+": [[[6.603978960000001, 5.168331360000001, 8.82923274], [5.0247666, 5.599025640000001, 6.532196580000001], [2.72773044, 2.5841656800000004, 2.72773044], [1.4356476000000002, 1.57921236, 0.6460414200000001], [0.9331709400000001, 0.57425904, 0.43069428000000004], [1.5074299800000002, 0.9331709400000001, 0.57425904]], [[2.5123833, 2.22525378, 3.4455542400000003], [2.44060092, 2.0816890200000002, 2.72773044], [1.7945595, 1.22030046, 2.0816890200000002], [1.8663418800000002, 1.4356476000000002, 1.14851808], [0.78960618, 0.35891190000000006, 0.14356476], [0.78960618, 0.8613885600000001, 0.35891190000000006]], [[2.0816890200000002, 2.5841656800000004, 2.5841656800000004], [1.7945595, 2.0816890200000002, 2.72773044], [2.0816890200000002, 2.29703616, 2.0816890200000002], [1.7227771200000002, 0.9331709400000001, 1.22030046], [0.57425904, 0.57425904, 0.43069428000000004], [1.57921236, 1.22030046, 0.6460414200000001]], [[0.7178238000000001, 0.78960618, 1.22030046], [0.8613885600000001, 1.00495332, 1.4356476000000002], [1.5074299800000002, 1.00495332, 0.6460414200000001], [0.50247666, 0.78960618, 0.28712952], [0.50247666, 0.35891190000000006, 0.50247666], [1.5074299800000002, 0.78960618, 0.57425904]], [[1.36386522, 1.22030046, 2.1534714000000004], [1.7227771200000002, 1.8663418800000002, 2.44060092], [1.14851808, 1.0767357000000002, 1.9381242600000002], [1.6509947400000002, 1.6509947400000002, 1.0767357000000002], [1.36386522, 1.2920828400000002, 1.57921236], [3.2302071000000003, 2.1534714000000004, 2.00990664]]]}