{"1": [[[24.703886199999996, 23.127042399999997, 49.933386999999996], [11.0379066, 15.768437999999998, 27.857573799999997], [3.6793021999999995, 6.832989799999999, 8.9354482], [2.1024583999999997, 3.1536875999999996, 2.1024583999999997], [1.5768437999999998, 0.5256145999999999, 1.0512291999999999], [0.0, 1.0512291999999999, 1.0512291999999999], [1.5768437999999998, 0.0, 1.0512291999999999]], [[1.5768437999999998, 1.5768437999999998, 3.6793021999999995], [2.6280729999999997, 3.1536875999999996, 3.1536875999999996], [1.0512291999999999, 2.1024583999999997, 4.730531399999999], [0.0, 1.0512291999999999, 1.0512291999999999], [0.5256145999999999, 1.5768437999999998, 1.0512291999999999], [0.0, 0.5256145999999999, 0.0], [2.1024583999999997, 0.0, 2.1024583999999997]], [[2.6280729999999997, 1.0512291999999999, 4.730531399999999], [1.0512291999999999, 2.6280729999999997, 3.1536875999999996], [3.1536875999999996, 3.1536875999999996, 1.0512291999999999], [1.0512291999999999, 1.0512291999999999, 2.6280729999999997], [1.0512291999999999, 2.1024583999999997, 1.5768437999999998], [2.6280729999999997, 0.5256145999999999, 0.5256145999999999], [1.0512291999999999, 0.5256145999999999, 1.5768437999999998]], [[1.5768437999999998, 0.5256145999999999, 2.1024583999999997], [0.5256145999999999, 3.1536875999999996, 3.6793021999999995], [1.5768437999999998, 1.0512291999999999, 2.1024583999999997], [1.0512291999999999, 0.5256145999999999, 0.0], [2.1024583999999997, 0.5256145999999999, 1.0512291999999999], [1.5768437999999998, 1.0512291999999999, 1.0512291999999999], [0.5256145999999999, 1.0512291999999999, 1.5768437999999998]], [[3.1536875999999996, 5.256145999999999, 7.884218999999999], [4.2049167999999995, 7.358604399999999, 12.089135799999998], [4.730531399999999, 5.256145999999999, 6.832989799999999], [6.307375199999999, 4.730531399999999, 3.1536875999999996], [2.1024583999999997, 2.6280729999999997, 3.1536875999999996], [4.2049167999999995, 3.1536875999999996, 6.307375199999999], [7.358604399999999, 7.358604399999999, 4.730531399999999]]], "2+": [[[5.781760599999999, 12.089135799999998, 22.601427799999996], [8.9354482, 9.461062799999999, 15.242823399999999], [5.256145999999999, 6.832989799999999, 4.2049167999999995], [1.0512291999999999, 1.5768437999999998, 2.6280729999999997], [3.1536875999999996, 0.5256145999999999, 2.1024583999999997], [2.6280729999999997, 1.5768437999999998, 3.1536875999999996]], [[1.0512291999999999, 3.6793021999999995, 6.307375199999999], [2.6280729999999997, 3.6793021999999995, 3.6793021999999995], [1.0512291999999999, 2.6280729999999997, 7.884218999999999], [3.1536875999999996, 2.1024583999999997, 3.6793021999999995], [2.1024583999999997, 1.0512291999999999, 1.5768437999999998], [3.6793021999999995, 3.6793021999999995, 2.6280729999999997]], [[3.1536875999999996, 5.256145999999999, 6.832989799999999], [3.6793021999999995, 5.256145999999999, 7.884218999999999], [1.5768437999999998, 3.1536875999999996, 6.307375199999999], [3.6793021999999995, 2.6280729999999997, 5.781760599999999], [2.6280729999999997, 2.1024583999999997, 3.1536875999999996], [4.730531399999999, 6.832989799999999, 7.884218999999999]], [[1.0512291999999999, 2.1024583999999997, 2.1024583999999997], [1.0512291999999999, 1.0512291999999999, 3.1536875999999996], [2.6280729999999997, 2.6280729999999997, 4.730531399999999], [1.5768437999999998, 2.6280729999999997, 3.6793021999999995], [3.1536875999999996, 1.0512291999999999, 2.1024583999999997], [2.6280729999999997, 5.256145999999999, 8.409833599999999]], [[3.6793021999999995, 4.730531399999999, 5.781760599999999], [3.1536875999999996, 11.0379066, 6.832989799999999], [5.256145999999999, 5.256145999999999, 9.986677399999998], [3.1536875999999996, 7.358604399999999, 3.1536875999999996], [4.730531399999999, 5.256145999999999, 5.781760599999999], [24.178271599999995, 28.383188399999995, 23.652656999999998]]]}