{"1": [[[10.497836, 26.7694818, 38.3171014], [13.6471868, 16.2716458, 26.244590000000002], [2.0995672, 4.1991344, 4.7240262], [0.5248918, 4.1991344, 2.624459], [0.0, 0.5248918, 1.0497836], [1.0497836, 1.0497836, 2.0995672], [0.0, 0.0, 0.0]], [[3.1493508, 3.6742426000000004, 3.1493508], [1.0497836, 1.5746754, 7.348485200000001], [0.0, 1.5746754, 2.0995672], [0.5248918, 0.5248918, 0.5248918], [0.0, 0.0, 0.5248918], [0.5248918, 1.0497836, 1.0497836], [0.5248918, 1.0497836, 0.5248918]], [[4.1991344, 3.1493508, 8.923160600000001], [3.1493508, 2.0995672, 6.8235934], [2.0995672, 2.0995672, 3.6742426000000004], [1.5746754, 0.5248918, 2.624459], [1.0497836, 1.0497836, 1.0497836], [1.0497836, 0.5248918, 1.0497836], [1.0497836, 0.0, 1.5746754]], [[2.624459, 2.624459, 4.7240262], [0.5248918, 3.6742426000000004, 6.2987016], [1.5746754, 1.0497836, 1.5746754], [0.5248918, 1.0497836, 1.0497836], [1.0497836, 1.5746754, 0.0], [1.0497836, 0.0, 2.624459], [0.5248918, 0.0, 1.0497836]], [[6.8235934, 6.8235934, 8.3982688], [6.8235934, 4.1991344, 12.5974032], [5.248918, 4.7240262, 3.6742426000000004], [4.1991344, 2.624459, 1.5746754], [2.0995672, 1.0497836, 3.6742426000000004], [4.1991344, 4.1991344, 3.1493508], [0.5248918, 2.0995672, 2.0995672]]], "2+": [[[17.3214294, 23.620131, 38.3171014], [14.1720786, 16.7965376, 26.7694818], [8.3982688, 6.8235934, 14.696970400000001], [3.6742426000000004, 2.0995672, 7.348485200000001], [1.0497836, 1.0497836, 3.6742426000000004], [2.624459, 3.1493508, 4.7240262]], [[9.9729442, 6.8235934, 12.0725114], [10.497836, 6.8235934, 14.1720786], [5.248918, 8.3982688, 5.248918], [4.1991344, 2.624459, 4.7240262], [1.5746754, 3.6742426000000004, 1.5746754], [3.1493508, 3.1493508, 3.1493508]], [[6.2987016, 5.7738098, 8.3982688], [3.1493508, 9.4480524, 15.2218622], [6.2987016, 7.348485200000001, 9.9729442], [4.7240262, 3.6742426000000004, 9.4480524], [2.624459, 4.7240262, 2.624459], [4.7240262, 7.8733770000000005, 6.2987016]], [[3.1493508, 2.0995672, 4.7240262], [2.624459, 2.0995672, 6.2987016], [2.624459, 5.7738098, 4.1991344], [2.0995672, 3.6742426000000004, 3.1493508], [1.0497836, 2.0995672, 2.0995672], [4.1991344, 2.0995672, 4.1991344]], [[7.348485200000001, 6.8235934, 11.0227278], [7.8733770000000005, 11.5476196, 9.4480524], [7.8733770000000005, 12.0725114, 11.0227278], [2.0995672, 7.8733770000000005, 8.923160600000001], [2.0995672, 5.7738098, 7.348485200000001], [9.9729442, 12.5974032, 12.5974032]]]}