{"1": [[[9.811287345566583, 23.301807445720634, 82.16953151912014], [8.58487642737076, 7.358465509174938, 41.69797121865798], [1.226410918195823, 4.905643672783292, 19.622574691133167], [1.226410918195823, 0.0, 9.811287345566583], [0.0, 2.452821836391646, 4.905643672783292], [0.0, 0.0, 3.679232754587469], [0.0, 0.0, 2.452821836391646]], [[0.0, 0.0, 1.226410918195823], [0.0, 0.0, 4.905643672783292], [3.679232754587469, 0.0, 3.679232754587469], [0.0, 1.226410918195823, 6.132054590979115], [0.0, 1.226410918195823, 2.452821836391646], [0.0, 0.0, 4.905643672783292], [0.0, 0.0, 3.679232754587469]], [[1.226410918195823, 3.679232754587469, 7.358465509174938], [0.0, 2.452821836391646, 7.358465509174938], [0.0, 3.679232754587469, 1.226410918195823], [2.452821836391646, 0.0, 3.679232754587469], [1.226410918195823, 1.226410918195823, 2.452821836391646], [4.905643672783292, 0.0, 1.226410918195823], [0.0, 1.226410918195823, 2.452821836391646]], [[1.226410918195823, 0.0, 2.452821836391646], [0.0, 2.452821836391646, 2.452821836391646], [1.226410918195823, 2.452821836391646, 6.132054590979115], [0.0, 0.0, 3.679232754587469], [0.0, 1.226410918195823, 2.452821836391646], [1.226410918195823, 2.452821836391646, 2.452821836391646], [0.0, 2.452821836391646, 6.132054590979115]], [[1.226410918195823, 2.452821836391646, 9.811287345566583], [1.226410918195823, 2.452821836391646, 8.58487642737076], [1.226410918195823, 3.679232754587469, 11.037698263762406], [1.226410918195823, 2.452821836391646, 7.358465509174938], [1.226410918195823, 3.679232754587469, 2.452821836391646], [4.905643672783292, 4.905643672783292, 4.905643672783292], [1.226410918195823, 6.132054590979115, 14.716931018349875]]], "2+": [[[8.58487642737076, 4.905643672783292, 41.69797121865798], [3.679232754587469, 3.679232754587469, 30.660272954895575], [2.452821836391646, 3.679232754587469, 7.358465509174938], [1.226410918195823, 1.226410918195823, 8.58487642737076], [0.0, 0.0, 0.0], [2.452821836391646, 2.452821836391646, 9.811287345566583]], [[1.226410918195823, 0.0, 7.358465509174938], [1.226410918195823, 4.905643672783292, 6.132054590979115], [0.0, 1.226410918195823, 3.679232754587469], [1.226410918195823, 1.226410918195823, 7.358465509174938], [2.452821836391646, 2.452821836391646, 2.452821836391646], [1.226410918195823, 0.0, 7.358465509174938]], [[0.0, 4.905643672783292, 6.132054590979115], [1.226410918195823, 6.132054590979115, 6.132054590979115], [2.452821836391646, 7.358465509174938, 14.716931018349875], [0.0, 1.226410918195823, 11.037698263762406], [0.0, 2.452821836391646, 8.58487642737076], [2.452821836391646, 1.226410918195823, 7.358465509174938]], [[0.0, 1.226410918195823, 4.905643672783292], [1.226410918195823, 6.132054590979115, 7.358465509174938], [0.0, 0.0, 4.905643672783292], [0.0, 3.679232754587469, 8.58487642737076], [1.226410918195823, 1.226410918195823, 8.58487642737076], [6.132054590979115, 2.452821836391646, 7.358465509174938]], [[1.226410918195823, 2.452821836391646, 3.679232754587469], [2.452821836391646, 1.226410918195823, 7.358465509174938], [4.905643672783292, 3.679232754587469, 11.037698263762406], [1.226410918195823, 4.905643672783292, 12.26410918195823], [1.226410918195823, 4.905643672783292, 2.452821836391646], [18.396163772937342, 9.811287345566583, 42.9243821368538]]]}