{"1": [[[12.26410918195823, 31.886683873091396, 99.33928437386166], [4.905643672783292, 13.490520100154052, 50.28284764602874], [1.226410918195823, 4.905643672783292, 19.622574691133167], [0.0, 1.226410918195823, 8.58487642737076], [0.0, 0.0, 3.679232754587469], [0.0, 1.226410918195823, 3.679232754587469], [0.0, 2.452821836391646, 2.452821836391646]], [[1.226410918195823, 2.452821836391646, 8.58487642737076], [0.0, 3.679232754587469, 11.037698263762406], [1.226410918195823, 0.0, 4.905643672783292], [0.0, 0.0, 2.452821836391646], [0.0, 2.452821836391646, 0.0], [1.226410918195823, 1.226410918195823, 3.679232754587469], [0.0, 0.0, 1.226410918195823]], [[2.452821836391646, 2.452821836391646, 12.26410918195823], [0.0, 0.0, 3.679232754587469], [3.679232754587469, 3.679232754587469, 6.132054590979115], [0.0, 1.226410918195823, 6.132054590979115], [0.0, 3.679232754587469, 1.226410918195823], [3.679232754587469, 2.452821836391646, 1.226410918195823], [2.452821836391646, 1.226410918195823, 2.452821836391646]], [[1.226410918195823, 1.226410918195823, 4.905643672783292], [0.0, 1.226410918195823, 4.905643672783292], [1.226410918195823, 4.905643672783292, 1.226410918195823], [0.0, 0.0, 2.452821836391646], [1.226410918195823, 0.0, 2.452821836391646], [2.452821836391646, 1.226410918195823, 0.0], [0.0, 0.0, 3.679232754587469]], [[1.226410918195823, 1.226410918195823, 9.811287345566583], [2.452821836391646, 3.679232754587469, 18.396163772937342], [3.679232754587469, 3.679232754587469, 17.16975285474152], [1.226410918195823, 1.226410918195823, 15.943341936545698], [1.226410918195823, 4.905643672783292, 7.358465509174938], [6.132054590979115, 3.679232754587469, 13.490520100154052], [11.037698263762406, 11.037698263762406, 20.84898560932899]]], "2+": [[[8.58487642737076, 13.490520100154052, 40.47156030046216], [8.58487642737076, 3.679232754587469, 26.981040200308104], [2.452821836391646, 2.452821836391646, 15.943341936545698], [0.0, 0.0, 8.58487642737076], [2.452821836391646, 2.452821836391646, 3.679232754587469], [2.452821836391646, 1.226410918195823, 6.132054590979115]], [[2.452821836391646, 4.905643672783292, 15.943341936545698], [3.679232754587469, 4.905643672783292, 6.132054590979115], [1.226410918195823, 1.226410918195823, 7.358465509174938], [2.452821836391646, 0.0, 8.58487642737076], [2.452821836391646, 1.226410918195823, 3.679232754587469], [6.132054590979115, 7.358465509174938, 7.358465509174938]], [[1.226410918195823, 2.452821836391646, 4.905643672783292], [2.452821836391646, 9.811287345566583, 13.490520100154052], [7.358465509174938, 2.452821836391646, 18.396163772937342], [2.452821836391646, 0.0, 12.26410918195823], [3.679232754587469, 2.452821836391646, 7.358465509174938], [0.0, 2.452821836391646, 13.490520100154052]], [[0.0, 1.226410918195823, 3.679232754587469], [1.226410918195823, 0.0, 8.58487642737076], [1.226410918195823, 1.226410918195823, 8.58487642737076], [1.226410918195823, 3.679232754587469, 4.905643672783292], [0.0, 1.226410918195823, 4.905643672783292], [2.452821836391646, 2.452821836391646, 2.452821836391646]], [[2.452821836391646, 3.679232754587469, 7.358465509174938], [1.226410918195823, 4.905643672783292, 12.26410918195823], [1.226410918195823, 2.452821836391646, 20.84898560932899], [3.679232754587469, 2.452821836391646, 14.716931018349875], [3.679232754587469, 1.226410918195823, 11.037698263762406], [15.943341936545698, 12.26410918195823, 49.05643672783292]]]}