{"1": [[[5.586015240000001, 4.94147502, 16.32835224], [4.010472480000001, 2.1484674000000004, 7.806098220000001], [1.0742337000000002, 1.0742337000000002, 2.5065453000000004], [0.5729246400000001, 0.28646232000000005, 0.5013090600000001], [0.07161558000000001, 0.07161558000000001, 0.14323116000000002], [0.42969348000000007, 0.14323116000000002, 0.07161558000000001], [0.42969348000000007, 0.07161558000000001, 0.07161558000000001]], [[0.21484674000000004, 0.21484674000000004, 0.14323116000000002], [0.21484674000000004, 0.07161558000000001, 0.6445402200000001], [0.35807790000000006, 0.14323116000000002, 0.42969348000000007], [0.21484674000000004, 0.0, 0.14323116000000002], [0.21484674000000004, 0.21484674000000004, 0.0], [0.5729246400000001, 0.14323116000000002, 0.07161558000000001], [0.5013090600000001, 0.21484674000000004, 0.07161558000000001]], [[0.21484674000000004, 0.07161558000000001, 0.35807790000000006], [0.21484674000000004, 0.07161558000000001, 0.7161558000000001], [0.42969348000000007, 0.21484674000000004, 0.42969348000000007], [0.42969348000000007, 0.21484674000000004, 0.28646232000000005], [0.0, 0.21484674000000004, 0.21484674000000004], [0.28646232000000005, 0.35807790000000006, 0.28646232000000005], [0.5729246400000001, 0.21484674000000004, 0.21484674000000004]], [[0.0, 0.0, 0.35807790000000006], [0.21484674000000004, 0.0, 0.21484674000000004], [0.14323116000000002, 0.14323116000000002, 0.07161558000000001], [0.0, 0.14323116000000002, 0.42969348000000007], [0.28646232000000005, 0.0, 0.14323116000000002], [0.35807790000000006, 0.21484674000000004, 0.14323116000000002], [0.28646232000000005, 0.28646232000000005, 0.14323116000000002]], [[0.28646232000000005, 0.07161558000000001, 1.2174648600000002], [0.28646232000000005, 0.6445402200000001, 1.4323116000000002], [0.8593869600000001, 0.7161558000000001, 0.8593869600000001], [1.2890804400000002, 0.42969348000000007, 0.9310025400000002], [0.6445402200000001, 0.42969348000000007, 0.7877713800000001], [1.0026181200000002, 0.5729246400000001, 1.0742337000000002], [3.6523945800000006, 1.8620050800000003, 0.6445402200000001]]], "2+": [[[2.2916985600000004, 1.7903895000000003, 3.2227011000000005], [1.7903895000000003, 1.6471583400000003, 2.3633141400000004], [0.6445402200000001, 0.7161558000000001, 0.8593869600000001], [0.42969348000000007, 0.14323116000000002, 0.5013090600000001], [0.21484674000000004, 0.14323116000000002, 0.07161558000000001], [0.9310025400000002, 0.7161558000000001, 0.42969348000000007]], [[0.42969348000000007, 0.35807790000000006, 0.5729246400000001], [0.42969348000000007, 0.7877713800000001, 0.5013090600000001], [0.21484674000000004, 0.21484674000000004, 0.42969348000000007], [0.28646232000000005, 0.0, 0.28646232000000005], [0.28646232000000005, 0.28646232000000005, 0.21484674000000004], [0.5013090600000001, 0.21484674000000004, 0.28646232000000005]], [[0.7161558000000001, 0.14323116000000002, 0.7877713800000001], [0.35807790000000006, 0.5729246400000001, 0.21484674000000004], [0.5729246400000001, 0.5729246400000001, 0.42969348000000007], [0.6445402200000001, 0.21484674000000004, 0.14323116000000002], [0.42969348000000007, 0.14323116000000002, 0.14323116000000002], [2.0768518200000003, 0.8593869600000001, 0.42969348000000007]], [[0.21484674000000004, 0.35807790000000006, 0.21484674000000004], [0.21484674000000004, 0.14323116000000002, 0.42969348000000007], [0.21484674000000004, 0.07161558000000001, 0.07161558000000001], [0.5729246400000001, 0.21484674000000004, 0.21484674000000004], [0.14323116000000002, 0.07161558000000001, 0.21484674000000004], [0.9310025400000002, 0.35807790000000006, 0.42969348000000007]], [[0.5013090600000001, 0.5729246400000001, 0.6445402200000001], [0.7161558000000001, 0.35807790000000006, 0.7877713800000001], [0.5013090600000001, 0.28646232000000005, 1.2174648600000002], [1.6471583400000003, 0.5729246400000001, 0.9310025400000002], [0.5013090600000001, 0.35807790000000006, 0.5013090600000001], [6.660248940000001, 2.6497764600000004, 1.7187739200000003]]]}