{"1": [[[5.156321760000001, 5.084706180000001, 12.819188820000003], [2.8646232000000005, 2.0768518200000003, 6.445402200000001], [0.9310025400000002, 0.7161558000000001, 2.0052362400000003], [0.35807790000000006, 0.35807790000000006, 0.35807790000000006], [0.14323116000000002, 0.0, 0.07161558000000001], [0.28646232000000005, 0.28646232000000005, 0.14323116000000002], [0.28646232000000005, 0.0, 0.07161558000000001]], [[0.35807790000000006, 0.14323116000000002, 0.35807790000000006], [0.07161558000000001, 0.07161558000000001, 0.21484674000000004], [0.21484674000000004, 0.21484674000000004, 0.07161558000000001], [0.14323116000000002, 0.07161558000000001, 0.14323116000000002], [0.14323116000000002, 0.07161558000000001, 0.07161558000000001], [0.14323116000000002, 0.07161558000000001, 0.14323116000000002], [0.5729246400000001, 0.21484674000000004, 0.0]], [[0.42969348000000007, 0.35807790000000006, 0.35807790000000006], [0.42969348000000007, 0.14323116000000002, 0.14323116000000002], [0.21484674000000004, 0.14323116000000002, 0.21484674000000004], [0.14323116000000002, 0.28646232000000005, 0.35807790000000006], [0.35807790000000006, 0.28646232000000005, 0.07161558000000001], [0.14323116000000002, 0.14323116000000002, 0.21484674000000004], [0.42969348000000007, 0.14323116000000002, 0.14323116000000002]], [[0.0, 0.07161558000000001, 0.28646232000000005], [0.07161558000000001, 0.14323116000000002, 0.14323116000000002], [0.07161558000000001, 0.0, 0.21484674000000004], [0.0, 0.07161558000000001, 0.14323116000000002], [0.0, 0.0, 0.21484674000000004], [0.21484674000000004, 0.21484674000000004, 0.21484674000000004], [0.6445402200000001, 0.21484674000000004, 0.14323116000000002]], [[0.28646232000000005, 0.07161558000000001, 0.5013090600000001], [0.5729246400000001, 0.14323116000000002, 0.9310025400000002], [0.7877713800000001, 0.5729246400000001, 0.9310025400000002], [0.6445402200000001, 0.35807790000000006, 0.7161558000000001], [0.35807790000000006, 0.35807790000000006, 0.28646232000000005], [0.9310025400000002, 0.5729246400000001, 0.6445402200000001], [3.2227011000000005, 1.2174648600000002, 0.35807790000000006]]], "2+": [[[1.9336206600000003, 1.3606960200000002, 3.6523945800000006], [1.5039271800000003, 0.5013090600000001, 1.7187739200000003], [0.5013090600000001, 0.5013090600000001, 0.8593869600000001], [0.6445402200000001, 0.14323116000000002, 0.5729246400000001], [0.28646232000000005, 0.07161558000000001, 0.21484674000000004], [1.2174648600000002, 0.7161558000000001, 0.21484674000000004]], [[0.21484674000000004, 0.07161558000000001, 0.6445402200000001], [0.42969348000000007, 0.35807790000000006, 0.14323116000000002], [0.28646232000000005, 0.21484674000000004, 0.07161558000000001], [0.14323116000000002, 0.5013090600000001, 0.28646232000000005], [0.07161558000000001, 0.14323116000000002, 0.07161558000000001], [0.5013090600000001, 0.7161558000000001, 0.28646232000000005]], [[0.35807790000000006, 0.14323116000000002, 0.35807790000000006], [0.5729246400000001, 0.6445402200000001, 0.6445402200000001], [0.42969348000000007, 0.42969348000000007, 0.8593869600000001], [0.35807790000000006, 0.42969348000000007, 0.14323116000000002], [0.21484674000000004, 0.21484674000000004, 0.21484674000000004], [0.9310025400000002, 0.9310025400000002, 0.35807790000000006]], [[0.21484674000000004, 0.0, 0.35807790000000006], [0.21484674000000004, 0.14323116000000002, 0.21484674000000004], [0.42969348000000007, 0.21484674000000004, 0.21484674000000004], [0.21484674000000004, 0.14323116000000002, 0.28646232000000005], [0.21484674000000004, 0.14323116000000002, 0.21484674000000004], [1.0742337000000002, 0.5729246400000001, 0.35807790000000006]], [[0.42969348000000007, 0.5013090600000001, 0.6445402200000001], [0.35807790000000006, 0.28646232000000005, 1.1458492800000002], [0.7877713800000001, 0.6445402200000001, 0.7877713800000001], [0.5013090600000001, 0.7877713800000001, 0.8593869600000001], [0.5013090600000001, 0.42969348000000007, 0.7877713800000001], [6.087324300000001, 2.1484674000000004, 1.0742337000000002]]]}