{"1": [[[26.7694818, 33.0681834, 44.615803], [8.923160600000001, 14.696970400000001, 25.7196982], [5.248918, 7.8733770000000005, 9.9729442], [1.5746754, 1.5746754, 2.624459], [0.5248918, 0.5248918, 2.624459], [0.0, 1.0497836, 0.5248918], [0.5248918, 0.0, 0.5248918]], [[5.248918, 3.1493508, 14.696970400000001], [5.248918, 3.1493508, 7.348485200000001], [1.5746754, 3.6742426000000004, 3.1493508], [1.5746754, 0.0, 2.0995672], [0.0, 1.5746754, 1.0497836], [0.5248918, 0.0, 1.5746754], [0.5248918, 0.0, 0.5248918]], [[6.8235934, 6.2987016, 6.8235934], [6.8235934, 7.348485200000001, 8.3982688], [3.1493508, 4.1991344, 8.3982688], [0.0, 0.0, 3.6742426000000004], [1.0497836, 2.0995672, 1.0497836], [0.0, 0.5248918, 0.5248918], [0.0, 2.0995672, 1.5746754]], [[3.1493508, 4.7240262, 11.0227278], [2.0995672, 3.6742426000000004, 4.7240262], [2.0995672, 1.5746754, 3.6742426000000004], [2.0995672, 0.5248918, 0.0], [0.5248918, 1.0497836, 1.5746754], [1.5746754, 1.0497836, 1.5746754], [1.5746754, 2.0995672, 1.0497836]], [[8.3982688, 8.3982688, 13.122295000000001], [7.348485200000001, 11.0227278, 15.2218622], [4.7240262, 6.2987016, 5.248918], [5.7738098, 3.1493508, 6.2987016], [2.624459, 3.6742426000000004, 2.624459], [4.1991344, 4.7240262, 3.1493508], [0.5248918, 2.624459, 2.624459]]], "2+": [[[23.0952392, 28.3441572, 51.4393964], [22.5703474, 22.5703474, 34.117967], [7.8733770000000005, 10.497836, 18.371213], [3.1493508, 1.5746754, 7.8733770000000005], [4.7240262, 3.6742426000000004, 3.6742426000000004], [1.5746754, 7.8733770000000005, 5.7738098]], [[7.8733770000000005, 10.497836, 19.420996600000002], [10.497836, 12.5974032, 14.696970400000001], [4.7240262, 6.8235934, 9.4480524], [4.1991344, 6.2987016, 4.7240262], [0.5248918, 1.0497836, 1.5746754], [4.7240262, 4.1991344, 3.6742426000000004]], [[6.2987016, 12.5974032, 16.2716458], [11.0227278, 12.5974032, 16.7965376], [6.8235934, 8.923160600000001, 10.497836], [4.7240262, 6.8235934, 6.8235934], [2.0995672, 4.1991344, 2.624459], [4.1991344, 8.3982688, 6.8235934]], [[3.6742426000000004, 7.348485200000001, 5.248918], [5.7738098, 7.8733770000000005, 8.3982688], [4.1991344, 4.1991344, 6.2987016], [4.1991344, 3.6742426000000004, 3.6742426000000004], [1.5746754, 3.1493508, 1.5746754], [3.6742426000000004, 5.248918, 4.1991344]], [[9.4480524, 9.9729442, 11.5476196], [6.8235934, 15.2218622, 13.6471868], [6.8235934, 14.1720786, 14.696970400000001], [5.7738098, 12.0725114, 8.923160600000001], [5.248918, 7.348485200000001, 5.7738098], [12.5974032, 13.122295000000001, 12.5974032]]]}